{
	"partitions" : [
		{
			"name" : "Top",
			"pins" : [
				{
					"name" : "segm1_out[0]",
					"strict" : false
				},
				{
					"name" : "segm1_out[1]",
					"strict" : false
				},
				{
					"name" : "segm1_out[2]",
					"strict" : false
				},
				{
					"name" : "segm1_out[3]",
					"strict" : false
				},
				{
					"name" : "segm1_out[4]",
					"strict" : false
				},
				{
					"name" : "segm1_out[5]",
					"strict" : false
				},
				{
					"name" : "segm1_out[6]",
					"strict" : false
				},
				{
					"name" : "stav_reg_O2[0]",
					"strict" : false
				},
				{
					"name" : "stav_reg_O2[1]",
					"strict" : false
				},
				{
					"name" : "clk_in",
					"strict" : false
				},
				{
					"name" : "rst_in",
					"strict" : false
				},
				{
					"name" : "sw_in",
					"strict" : false
				}
			]
		}
	]
}